zb,zb,zb,zb,zb,zb,zb,zb,zb,zb,zb,zb,zb,zb,zb,zb,zb,zb,zb,zb,zb,zb,zb,zb,zb,zb,zb,zb,zb,zb,zb,zb,zb,zb,zb,zb,zb,zb,zb,zb,zb,zb,zb,zb,zb,zb,zb,zb,zb,zb,zb,zb,zb,zb,zb,zb,zb,zb,zb,zb,zb,zb,zb,zb,zb,zb,zb,zb,zb,zb,zb,zb,zb,zb,zb,zb,zb,zb,zb,zb,zb,zb,zb,zb,zb,zb,zb,zb,zb,zb,zb,zb,zb,zb,zb,zb,zb,zb,zb,zb,zb,zb,zb,zb,zb,zb,zb,zb,zb,zb,zb,zb,zb,zb,zb,zb,zb,zb,zb,zb,zb,zb,zb,zb,zb,zb,zb,zb,zb,zb,zb,zb,zb,zb,zb,zb,zb,zb,zb,zb,zb,zb,zb,zb,zb,zb,zb,zb,zb,zb,zb,zb,zb,zb,zb,zb,zb,zb,zb,zb,zb,zb,zb,zb,zb,zb,zb
zb,zb,zb,zb,zb,zb,zb,zb,zb,zb,zb,zb,zb,zb,zb,zb,zb,zb,zb,zb,zb,zb,zb,,,,,,,,,,,,,zb,zb,zb,zb,zb,zb,zb,zb,zb,zb,zb,zb,zb,zb,zb,zb,zb,zb,zb,zb,zb,zb,zb,zb,zb,zb,zb,zb,zb,zb,zb,zb,zb,zb,zb,,,,,,,,zb,,,,,,,,zb,,,,,,,,zb,zb,zb,zb,zb,zb,zb,zb,,,,,,,,,,,,,,,,,,,,,,,,zb,zb,zb,zb,zb,zb,,,,,,,,,,,,,,,,zb,zb,,,,,,,,,,,,,,,,,,,,zb
zb,zb,zb,zb,zb,zb,zb,zb,zb,zb,zb,zb,zb,zb,zb,zb,zb,zb,zb,zb,zb,zb,zb,,,,,,,,,,,,,zb,zb,zb,zb,zb,zb,zb,zb,zb,zb,zb,zb,zb,zb,zb,zb,zb,zb,zb,zb,zb,zb,zb,zb,zb,zb,zb,zb,zb,zb,zb,zb,zb,zb,zb,,,,,,,,cb,,,,,,,,cb,,,,,,,,zb,zb,zb,zb,zb,zb,zb,zb,,,,,,,,,,,,,,,,,,,,,,,,zb,zb,zb,zb,zb,zb,,,,,,,,,,,,,,,,zb,zb,,,,,,,,,,,,,,,,,,,,zb
,,,,,,,,,,,,,,,,,,,,,,zb,,,,,,,,,,,,,zb,zb,zb,zb,zb,zb,zb,zb,zb,zb,zb,zb,zb,zb,zb,zb,zb,zb,zb,zb,zb,zb,zb,zb,zb,zb,zb,zb,zb,zb,zb,zb,zb,zb,zb,,,,,,,,,,,,,,,,,,,,,,,,zb,zb,zb,zb,zb,zb,zb,zb,,,,,,,,,,,,,,,,,,,,,,,,zb,zb,zb,zb,zb,zb,,,,,,,,,,,,,,,,zb,zb,,,,,,,,,,,,,,,,,,,,zb
ma,,,,,,,,,,,,,,,,,,,,,,cb,,,,,,,mb,,,,,,cb,,,,,,,,,,,,cb,,,,,,,,,,,,cb,,,,,,,cb,,,,,,,,,,,,,,,,,,,,,,,,,,,,,,,,,,,,,,cb,,,cb,,,cb,,,,,,,,,,,,,,,,,,,,,,,,,,,,,,,,,,,zb,zb,,,,,,,,,,ty,,,,,,,,,,zb
zb,zb,zb,,,,,,,,,,,,,,,,,,,,,,,,,,,,,,,,,,,,,,,,,,,,,,,,,,,,,,,,,,,,,,,,,,,,,,,,,,,,,,,,,,,,,,,,,,,,,,,,,,,,,,,,,,,,,,,,,,,,,,,,,,,,,,,,,,,,,,,,,,,,,,,,,,,,,,,,,,,,,,,,,,,,zb
zb,zb,zb,zb,,,,,,,,,,,,,,,,,,,,,,,,,,,,,,,,,,,,,,,,,,,,,,,,,,,,,,,,,,,,,,,,,,,,,,,,,,,,,,,,,,,,,,,,,,,,,,,,,,,,,,,,,,,,,,,,,,,,,,,,,,,,,,,,,,,,,,,,,,,,,,,,,,,,,,,,,,,,,,,,,,,zb
zb,zb,zb,zb,zb,,,,,,,,,,,,,,,,,,,,,,,,,,,,,,,,,,,,,,,,,,,,,,,,,,,,,,,,,,,,,,,,,,,,,,,,,,,,,,,,,,,,,,,,,,,,,,,,,,,,,,,,,,,,,,,,,,,,,,,,,,,,,,,,,,,,,,,,,,,,ax,,,,,,,,,,,,,,,,,,,,,,zb
zb,zb,zb,zb,zb,zb,,,,,,,,,,,,,,,,,,,,,,,,,,,,zb,zb,zb,zb,zb,zb,zb,zb,zb,zb,zb,zb,zb,zb,zb,zb,zb,zb,zb,zb,zb,zb,zb,zb,zb,zb,zb,zb,zb,zb,zb,zb,zb,zb,zb,zb,zb,,,,ub,,,,,,,,ub,,,,,,,,ub,,,,,,,,,,,,,,cb,,,cb,,,cb,,,,,,,,,,,,,,,,,,,,,,,,,,,,,,,,bs,,tc,zb,zb,zb,,,,,,,,,,,,,,,,,,,,zb
zb,zb,zb,zb,zb,zb,zb,zb,zb,zb,zb,zb,zb,,,zb,zb,zb,zb,zb,zb,zb,zb,zb,zb,,,,zb,zb,zb,,,zb,zb,zb,zb,zb,zb,zb,zb,zb,zb,zb,zb,zb,zb,zb,zb,zb,zb,zb,zb,zb,zb,zb,zb,zb,zb,zb,zb,zb,zb,zb,zb,zb,zb,zb,zb,zb,zb,zb,zb,zb,zb,zb,zb,zb,zb,zb,zb,zb,zb,zb,zb,zb,zb,zb,zb,zb,zb,zb,zb,zb,zb,zb,zb,zb,zb,zb,zb,,,,,,,,,,,,,,,,zb,zb,zb,zb,zb,,,,zb,zb,zb,zb,zb,zb,ta,ta,ta,ta,ta,ta,ta,ta,ta,ta,ta,ta,ta,ta,zb,zb,zb,,,,,,,,,,,,,,,,,,,,zb
zb,zb,zb,zb,zb,zb,zb,zb,zb,zb,zb,zb,zb,,,zb,zb,zb,zb,zb,zb,zb,zb,zb,zb,,,,zb,zb,zb,,,zb,zb,zb,zb,zb,zb,zb,zb,zb,zb,zb,zb,zb,zb,zb,zb,zb,zb,zb,zb,zb,zb,zb,zb,zb,zb,zb,zb,zb,zb,zb,zb,zb,zb,zb,zb,zb,zb,zb,zb,zb,zb,zb,zb,zb,zb,zb,zb,zb,zb,zb,zb,zb,zb,zb,zb,zb,zb,zb,zb,zb,zb,zb,zb,zb,zb,zb,zb,,,,,,,,,,,,,,,,zb,zb,zb,zb,zb,,,,zb,zb,zb,zb,zb,zb,,,,,,,,,,,,,,,zb,zb,zb,,,,,,,,,,td,,,,,,,,,,zb
zb,zb,zb,zb,zb,zb,zb,zb,zb,zb,zb,zb,zb,lw,lw,zb,zb,zb,zb,zb,zb,zb,zb,zb,zb,,,,zb,zb,zb,,,zb,zb,zb,zb,zb,zb,zb,zb,zb,zb,zb,zb,zb,zb,zb,zb,zb,zb,zb,zb,zb,zb,zb,zb,zb,zb,zb,zb,zb,zb,zb,zb,zb,zb,zb,zb,zb,zb,zb,zb,zb,zb,zb,zb,zb,zb,zb,zb,zb,zb,zb,zb,zb,zb,zb,zb,zb,zb,zb,zb,zb,zb,zb,zb,zb,zb,zb,zb,,,,,,,,,,,,,,,,zb,zb,zb,zb,zb,,,,zb,zb,zb,zb,zb,zb,,,,,,,,,,,,,,,zb,zb,zb,zb,zb,zb,zb,zb,zb,zb,zb,zb,zb,zb,zb,zb,zb,zb,zb,zb,zb,zb,zb
zb,zb,zb,zb,zb,zb,zb,zb,zb,zb,zb,zb,zb,lv,lv,zb,zb,zb,zb,zb,zb,zb,zb,zb,zb,lw,lw,lw,zb,zb,zb,lw,lw,zb,zb,zb,zb,zb,zb,zb,zb,zb,zb,zb,zb,zb,zb,zb,zb,zb,zb,zb,zb,zb,zb,zb,zb,zb,zb,zb,zb,zb,zb,zb,zb,zb,zb,zb,zb,zb,zb,zb,zb,zb,zb,zb,zb,zb,zb,zb,zb,zb,zb,zb,zb,zb,zb,zb,zb,zb,zb,zb,zb,zb,zb,zb,zb,zb,zb,zb,zb,zb,zb,zb,zb,zb,zb,zb,zb,zb,zb,zb,zb,zb,zb,zb,zb,zb,zb,zb,zb,zb,zb,zb,zb,zb,zb,zb,zb,zb,lw,lw,lw,lw,lw,lw,lw,lw,lw,lw,lw,lw,lw,lw,zb,zb,zb,zb,zb,zb,zb,zb,zb,zb,zb,zb,zb,zb,zb,zb,zb,zb,zb,zb,zb,zb,zb
zb,zb,zb,zb,zb,zb,zb,zb,zb,zb,zb,zb,zb,lv,lv,zb,zb,zb,zb,zb,zb,zb,zb,zb,zb,lv,lv,lv,zb,zb,zb,lv,lv,zb,zb,zb,zb,zb,zb,zb,zb,zb,zb,zb,zb,zb,zb,zb,zb,zb,zb,zb,zb,zb,zb,zb,zb,zb,zb,zb,zb,zb,zb,zb,zb,zb,zb,zb,zb,zb,zb,zb,zb,zb,zb,zb,zb,zb,zb,zb,zb,zb,zb,zb,zb,zb,zb,zb,zb,zb,zb,zb,zb,zb,zb,zb,zb,zb,zb,zb,zb,zb,zb,zb,zb,zb,zb,zb,zb,zb,zb,zb,zb,zb,zb,zb,zb,zb,zb,zb,zb,zb,zb,zb,zb,zb,zb,zb,zb,zb,lv,lv,lv,lv,lv,lv,lv,lv,lv,lv,lv,lv,lv,lv,zb,zb,zb,zb,zb,zb,zb,zb,zb,zb,zb,zb,zb,zb,zb,zb,zb,zb,zb,zb,zb,zb,zb
zb,zb,zb,zb,zb,zb,zb,zb,zb,zb,zb,zb,zb,lv,lv,zb,zb,zb,zb,zb,zb,zb,zb,zb,zb,lv,lv,lv,zb,zb,zb,lv,lv,zb,zb,zb,zb,zb,zb,zb,zb,zb,zb,zb,zb,zb,zb,zb,zb,zb,zb,zb,zb,zb,zb,zb,zb,zb,zb,zb,zb,zb,zb,zb,zb,zb,zb,zb,zb,zb,zb,zb,zb,zb,zb,zb,zb,zb,zb,zb,zb,zb,zb,zb,zb,zb,zb,zb,zb,zb,zb,zb,zb,zb,zb,zb,zb,zb,zb,zb,zb,zb,zb,zb,zb,zb,zb,zb,zb,zb,zb,zb,zb,zb,zb,zb,zb,zb,zb,zb,zb,zb,zb,zb,zb,zb,zb,zb,zb,zb,lv,lv,lv,lv,lv,lv,lv,lv,lv,lv,lv,lv,lv,lv,,,,,,,,,,,,,,,,,,,,,,,
